1749095427636,9995ae3f7872ab1f5c88617a0918e05b,b57821c1bc458800,middleware - jsonParser,.,16.3346
1749095427636,9995ae3f7872ab1f5c88617a0918e05b,ec405dca80152da0,middleware - urlencodedParser,.,0.2245
1749095427637,9995ae3f7872ab1f5c88617a0918e05b,fd02db2299b813c9,middleware - <anonymous>,.,0.0875
1749095427637,9995ae3f7872ab1f5c88617a0918e05b,52f59a6c168621bb,middleware - <anonymous>,query.Product,86.6316
1749095427637,9995ae3f7872ab1f5c88617a0918e05b,e86fe16c6e0e9dd7,POST /graphql,.,108.8135
1749098551540,d72fe29dfd06c0ab39665a26b9eee0fb,9db1be3af50395a2,middleware - jsonParser,.,10.0809
1749098551541,d72fe29dfd06c0ab39665a26b9eee0fb,af2a4f8ff0d33355,middleware - urlencodedParser,.,0.2511
1749098551543,d72fe29dfd06c0ab39665a26b9eee0fb,b6fba7d261209c4e,middleware - <anonymous>,.,0.0849
1749098551544,d72fe29dfd06c0ab39665a26b9eee0fb,855946a5b9d280bb,middleware - <anonymous>,query.Product,28.854
1749098551544,d72fe29dfd06c0ab39665a26b9eee0fb,e62baa4d7fbe6499,POST /graphql,.,43.5037
1749098869573,e6efe096966d4487a54091ab42e62ee3,e294c40aed35329a,middleware - jsonParser,.,10.8125
1749098869575,e6efe096966d4487a54091ab42e62ee3,89ee090c27b60e86,middleware - urlencodedParser,.,0.1327
1749098869576,e6efe096966d4487a54091ab42e62ee3,758ac5b77e692458,middleware - <anonymous>,.,0.1505
1749098869578,e6efe096966d4487a54091ab42e62ee3,db76d3a1cbd15edd,middleware - <anonymous>,query.Product,29.9398
1749098869579,e6efe096966d4487a54091ab42e62ee3,9ee8808833121789,POST /graphql,.,45.232
1749099289278,ca2f91133a72a9ebcac2567557e85f4e,d50c2c90fb7f22f3,middleware - jsonParser,.,14.094
1749099289279,ca2f91133a72a9ebcac2567557e85f4e,96a0df711aa3d4ee,middleware - urlencodedParser,.,0.3195
1749099289280,ca2f91133a72a9ebcac2567557e85f4e,dd2048a29f85c2b0,middleware - <anonymous>,.,0.118
1749099289280,ca2f91133a72a9ebcac2567557e85f4e,2dc572dedd9372df,middleware - <anonymous>,query.Product,28.8127
1749099289281,ca2f91133a72a9ebcac2567557e85f4e,467a1a6905c626d9,POST /graphql,.,48.7238
1749099733712,842ba286f4624d9b82cd43e53fc89692,ca69d0ee31fb9988,middleware - jsonParser,.,15.3008
1749099733713,842ba286f4624d9b82cd43e53fc89692,52f35152f637812a,middleware - urlencodedParser,.,0.2984
1749099733714,842ba286f4624d9b82cd43e53fc89692,8343664f13db52cd,middleware - <anonymous>,.,0.1112
1749099733715,842ba286f4624d9b82cd43e53fc89692,277acf6f049e1c60,middleware - <anonymous>,query.Product,28.8003
1749099733716,842ba286f4624d9b82cd43e53fc89692,7ac2ae9fbded2e83,POST /graphql,.,50.4039
